_id,studentid,overall,subscore
ObjectID(5488feb379564f6e5edd5b84),"12345a",97.0,1.0
ObjectID(548902ea79564f6e5edd5b93),"98765a",85.0,5.0
ObjectID(548902ed79564f6e5edd5b94),"24680a",76.0,2.0
ObjectID(548902ed79564f6e5edd5b95),"126645a",98.0,3.0
ObjectID(548902ef79564f6e5edd5b96),"7712345a",95.0,4.0
ObjectID(548902ef79564f6e5edd5b97),"1237845a",96.0,5.0
ObjectID(548902ef79564f6e5edd5b98),"2312345a",93.0,6.0
ObjectID(548902ef79564f6e5edd5b99),"6712345a",92.0,3.0
ObjectID(548902f279564f6e5edd5b9a),"78912345a",88.0,2.0
ObjectID(548902f279564f6e5edd5b9b),"5612345a",89.0,4.0
ObjectID(548902f279564f6e5edd5b9c),"76812345a",99.0,3.0
ObjectID(548902f279564f6e5edd5b9d),"1212345a",45.0,5.0
ObjectID(548902f279564f6e5edd5b9e),"1267345a",32.0,2.0
ObjectID(548902f279564f6e5edd5b9f),"78912345a",43.0,6.0
ObjectID(548902f279564f6e5edd5ba0),"783412345a",56.0,2.0
ObjectID(548902f279564f6e5edd5ba1),"12673345a",78.0,1.0
